1001,,308,"Autauga, AL "
1003,,1507,"Baldwin, AL "
1005,,464,"Barbour, AL "
1007,,143,"Bibb, AL "
1009,,360,"Blount, AL "
1011,,82,"Bullock, AL "
1013,,165,"Butler, AL "
1015,,1309,"Calhoun, AL "
1017,,526,"Chambers, AL "
1019,,498,"Cherokee, AL "
1021,,298,"Chilton, AL "
1023,,57,"Choctaw, AL "
1025,,151,"Clarke, AL "
1027,,150,"Clay, AL "
1029,,199,"Cleburne, AL "
1031,,526,"Coffee, AL "
1033,,447,"Colbert, AL "
1035,,130,"Conecuh, AL "
1037,,107,"Coosa, AL "
1039,,548,"Covington, AL "
1041,,169,"Crenshaw, AL "
1043,,509,"Cullman, AL "
1045,,645,"Dale, AL "
1047,,490,"Dallas, AL "
1049,,457,"DeKalb, AL "
1051,,355,"Elmore, AL "
1053,,321,"Escambia, AL "
1055,,1098,"Etowah, AL "
1057,,342,"Fayette, AL "
1059,,304,"Franklin, AL "
1061,,360,"Geneva, AL "
1063,,88,"Greene, AL "
1065,,122,"Hale, AL "
1067,,387,"Henry, AL "
1069,,1719,"Houston, AL "
1071,,521,"Jackson, AL "
1073,,4627,"Jefferson, AL "
1075,,386,"Lamar, AL "
1077,,700,"Lauderdale, AL "
1079,,393,"Lawrence, AL "
1081,,691,"Lee, AL "
1083,,744,"Limestone, AL "
1085,,101,"Lowndes, AL "
1087,,184,"Macon, AL "
1089,,2224,"Madison, AL "
1091,,135,"Marengo, AL "
1093,,559,"Marion, AL "
1095,,716,"Marshall, AL "
1097,,2760,"Mobile, AL "
1099,,222,"Monroe, AL "
1101,,1733,"Montgomery, AL "
1103,,1052,"Morgan, AL "
1105,,108,"Perry, AL "
1107,,510,"Pickens, AL "
1109,,416,"Pike, AL "
1111,,435,"Randolph, AL "
1113,,942,"Russell, AL "
1115,,509,"St. Clair, AL "
1117,,797,"Shelby, AL "
1119,,41,"Sumter, AL "
1121,,592,"Talladega, AL "
1123,,478,"Tallapoosa, AL "
1125,,1596,"Tuscaloosa, AL "
1127,,522,"Walker, AL "
1129,,198,"Washington, AL "
1131,,126,"Wilcox, AL "
1133,,209,"Winston, AL "
2020,,477,"Anchorage, AK "
2090,,63,"Fairbanks North Star, AK "
2122,,239,"Kenai Peninsula, AK "
2170,,241,"Matanuska-Susitna, AK "
4001,,21,"Apache, AZ "
4003,,1864,"Cochise, AZ "
4005,,868,"Coconino, AZ "
4007,,1589,"Gila, AZ "
4009,,255,"Graham, AZ "
4012,,50,"La Paz, AZ "
4013,,27548,"Maricopa, AZ "
4015,,7168,"Mohave, AZ "
4017,,115,"Navajo, AZ "
4019,,8339,"Pima, AZ "
4021,,3556,"Pinal, AZ "
4023,,281,"Santa Cruz, AZ "
4025,,5880,"Yavapai, AZ "
4027,,773,"Yuma, AZ "
5005,,173,"Baxter, AR "
5007,,417,"Benton, AR "
5009,,46,"Boone, AR "
5015,,41,"Carroll, AR "
5023,,38,"Cleburne, AR "
5027,,16,"Columbia, AR "
5029,,17,"Conway, AR "
5031,,50,"Craighead, AR "
5033,,35,"Crawford, AR "
5035,,23,"Crittenden, AR "
5045,,61,"Faulkner, AR "
5047,,27,"Franklin, AR "
5049,,26,"Fulton, AR "
5051,,231,"Garland, AR "
5053,,17,"Grant, AR "
5055,,22,"Greene, AR "
5057,,22,"Hempstead, AR "
5059,,14,"Hot Spring, AR "
5063,,19,"Independence, AR "
5065,,102,"Izard, AR "
5069,,22,"Jefferson, AR "
5071,,22,"Johnson, AR "
5075,,16,"Lawrence, AR "
5081,,22,"Little River, AR "
5083,,33,"Logan, AR "
5085,,54,"Lonoke, AR "
5089,,36,"Marion, AR "
5091,,88,"Miller, AR "
5093,,19,"Mississippi, AR "
5101,,11,"Newton, AR "
5109,,12,"Pike, AR "
5113,,38,"Polk, AR "
5115,,172,"Pope, AR "
5119,,206,"Pulaski, AR "
5121,,31,"Randolph, AR "
5125,,191,"Saline, AR "
5127,,12,"Scott, AR "
5129,,13,"Searcy, AR "
5131,,73,"Sebastian, AR "
5133,,16,"Sevier, AR "
5135,,41,"Sharp, AR "
5137,,34,"Stone, AR "
5139,,26,"Union, AR "
5141,,33,"Van Buren, AR "
5143,,239,"Washington, AR "
5145,,49,"White, AR "
5149,,67,"Yell, AR "
6001,,8344,"Alameda, CA "
6005,,228,"Amador, CA "
6007,,180,"Butte, CA "
6009,,161,"Calaveras, CA "
6011,,69,"Colusa, CA "
6013,,1010,"Contra Costa, CA "
6015,,34,"Del Norte, CA "
6017,,1072,"El Dorado, CA "
6019,,8384,"Fresno, CA "
6021,,97,"Glenn, CA "
6023,,1164,"Humboldt, CA "
6025,,30,"Imperial, CA "
6027,,93,"Inyo, CA "
6029,,5818,"Kern, CA "
6031,,48,"Kings, CA "
6033,,184,"Lake, CA "
6037,,18558,"Los Angeles, CA "
6039,,551,"Madera, CA "
6041,,996,"Marin, CA "
6043,,87,"Mariposa, CA "
6045,,68,"Mendocino, CA "
6047,,53,"Merced, CA "
6051,,16,"Mono, CA "
6053,,372,"Monterey, CA "
6055,,671,"Napa, CA "
6057,,210,"Nevada, CA "
6059,,14488,"Orange, CA "
6061,,1577,"Placer, CA "
6063,,53,"Plumas, CA "
6065,,8514,"Riverside, CA "
6067,,4483,"Sacramento, CA "
6069,,32,"San Benito, CA "
6071,,5155,"San Bernardino, CA "
6073,,12178,"San Diego, CA "
6075,,3883,"San Francisco, CA "
6077,,1160,"San Joaquin, CA "
6079,,1552,"San Luis Obispo, CA "
6081,,1529,"San Mateo, CA "
6083,,822,"Santa Barbara, CA "
6085,,4961,"Santa Clara, CA "
6087,,873,"Santa Cruz, CA "
6089,,134,"Shasta, CA "
6093,,533,"Siskiyou, CA "
6095,,1081,"Solano, CA "
6097,,2433,"Sonoma, CA "
6099,,584,"Stanislaus, CA "
6101,,31,"Sutter, CA "
6103,,55,"Tehama, CA "
6105,,79,"Trinity, CA "
6107,,377,"Tulare, CA "
6109,,195,"Tuolumne, CA "
6111,,3176,"Ventura, CA "
6113,,1055,"Yolo, CA "
6115,,25,"Yuba, CA "
8001,,1324,"Adams, CO "
8005,,2407,"Arapahoe, CO "
8007,,120,"Archuleta, CO "
8013,,1228,"Boulder, CO "
8014,,333,"Broomfield, CO "
8015,,56,"Chaffee, CO "
8019,,43,"Clear Creek, CO "
8021,,48,"Conejos, CO "
8025,,14,"Crowley, CO "
8027,,14,"Custer, CO "
8029,,321,"Delta, CO "
8031,,2129,"Denver, CO "
8033,,16,"Dolores, CO "
8035,,1764,"Douglas, CO "
8037,,59,"Eagle, CO "
8039,,210,"Elbert, CO "
8041,,2782,"El Paso, CO "
8043,,244,"Fremont, CO "
8045,,53,"Garfield, CO "
8047,,12,"Gilpin, CO "
8049,,101,"Grand, CO "
8051,,18,"Gunnison, CO "
8055,,41,"Huerfano, CO "
8059,,2235,"Jefferson, CO "
8067,,538,"La Plata, CO "
8069,,1550,"Larimer, CO "
8071,,18,"Las Animas, CO "
8073,,16,"Lincoln, CO "
8077,,3148,"Mesa, CO "
8083,,68,"Montezuma, CO "
8085,,120,"Montrose, CO "
8087,,204,"Morgan, CO "
8089,,17,"Otero, CO "
8091,,17,"Ouray, CO "
8093,,96,"Park, CO "
8097,,12,"Pitkin, CO "
8101,,328,"Pueblo, CO "
8105,,18,"Rio Grande, CO "
8107,,71,"Routt, CO "
8117,,65,"Summit, CO "
8119,,184,"Teller, CO "
8121,,35,"Washington, CO "
8123,,1005,"Weld, CO "
9001,,25745,"Fairfield, CT "
9003,,35253,"Hartford, CT "
9005,,9763,"Litchfield, CT "
9007,,7383,"Middlesex, CT "
9009,,36884,"New Haven, CT "
9011,,9032,"New London, CT "
9013,,6686,"Tolland, CT "
9015,,5116,"Windham, CT "
10001,,3812,"Kent, DE "
10003,,12586,"New Castle, DE "
10005,,6615,"Sussex, DE "
11001,,2545,"District of Columbia, DC "
12001,,969,"Alachua, FL "
12003,,295,"Baker, FL "
12005,,296,"Bay, FL "
12007,,32,"Bradford, FL "
12009,,4351,"Brevard, FL "
12011,,36400,"Broward, FL "
12013,,13,"Calhoun, FL "
12015,,10905,"Charlotte, FL "
12017,,2223,"Citrus, FL "
12019,,2425,"Clay, FL "
12021,,10497,"Collier, FL "
12023,,240,"Columbia, FL "
12027,,617,"DeSoto, FL "
12029,,26,"Dixie, FL "
12031,,12308,"Duval, FL "
12033,,2253,"Escambia, FL "
12035,,2367,"Flagler, FL "
12037,,38,"Franklin, FL "
12039,,35,"Gadsden, FL "
12041,,44,"Gilchrist, FL "
12043,,31,"Glades, FL "
12045,,35,"Gulf, FL "
12047,,28,"Hamilton, FL "
12049,,35,"Hardee, FL "
12051,,33,"Hendry, FL "
12053,,3510,"Hernando, FL "
12055,,1943,"Highlands, FL "
12057,,21865,"Hillsborough, FL "
12059,,21,"Holmes, FL "
12061,,2228,"Indian River, FL "
12063,,43,"Jackson, FL "
12069,,5243,"Lake, FL "
12071,,20693,"Lee, FL "
12073,,153,"Leon, FL "
12075,,342,"Levy, FL "
12079,,34,"Madison, FL "
12081,,14195,"Manatee, FL "
12083,,5169,"Marion, FL "
12085,,2735,"Martin, FL "
12086,,41778,"Miami-Dade, FL "
12087,,297,"Monroe, FL "
12089,,1997,"Nassau, FL "
12091,,451,"Okaloosa, FL "
12093,,66,"Okeechobee, FL "
12095,,8690,"Orange, FL "
12097,,3094,"Osceola, FL "
12099,,23930,"Palm Beach, FL "
12101,,10399,"Pasco, FL "
12103,,22873,"Pinellas, FL "
12105,,10751,"Polk, FL "
12107,,291,"Putnam, FL "
12109,,4937,"St. Johns, FL "
12111,,6089,"St. Lucie, FL "
12113,,1345,"Santa Rosa, FL "
12115,,25260,"Sarasota, FL "
12117,,3585,"Seminole, FL "
12119,,3697,"Sumter, FL "
12121,,121,"Suwannee, FL "
12123,,29,"Taylor, FL "
12127,,5753,"Volusia, FL "
12129,,37,"Wakulla, FL "
12131,,204,"Walton, FL "
12133,,30,"Washington, FL "
13001,,68,"Appling, GA "
13009,,193,"Baldwin, GA "
13011,,174,"Banks, GA "
13013,,681,"Barrow, GA "
13015,,947,"Bartow, GA "
13017,,17,"Ben Hill, GA "
13019,,11,"Berrien, GA "
13021,,1062,"Bibb, GA "
13029,,156,"Bryan, GA "
13031,,63,"Bulloch, GA "
13033,,139,"Burke, GA "
13035,,240,"Butts, GA "
13039,,283,"Camden, GA "
13045,,959,"Carroll, GA "
13047,,95,"Catoosa, GA "
13049,,14,"Charlton, GA "
13051,,1974,"Chatham, GA "
13055,,85,"Chattooga, GA "
13057,,3586,"Cherokee, GA "
13059,,581,"Clarke, GA "
13061,,15,"Clay, GA "
13063,,3793,"Clayton, GA "
13067,,2997,"Cobb, GA "
13069,,148,"Coffee, GA "
13071,,197,"Colquitt, GA "
13073,,857,"Columbia, GA "
13075,,11,"Cook, GA "
13077,,3151,"Coweta, GA "
13079,,85,"Crawford, GA "
13081,,104,"Crisp, GA "
13085,,464,"Dawson, GA "
13087,,17,"Decatur, GA "
13089,,11837,"DeKalb, GA "
13091,,31,"Dodge, GA "
13093,,44,"Dooly, GA "
13095,,844,"Dougherty, GA "
13097,,2820,"Douglas, GA "
13103,,358,"Effingham, GA "
13105,,167,"Elbert, GA "
13107,,67,"Emanuel, GA "
13109,,26,"Evans, GA "
13111,,301,"Fannin, GA "
13113,,3078,"Fayette, GA "
13115,,392,"Floyd, GA "
13117,,5078,"Forsyth, GA "
13119,,188,"Franklin, GA "
13121,,15225,"Fulton, GA "
13123,,402,"Gilmer, GA "
13127,,769,"Glynn, GA "
13129,,154,"Gordon, GA "
13131,,16,"Grady, GA "
13133,,154,"Greene, GA "
13135,,17668,"Gwinnett, GA "
13137,,390,"Habersham, GA "
13139,,1853,"Hall, GA "
13141,,66,"Hancock, GA "
13143,,128,"Haralson, GA "
13145,,178,"Harris, GA "
13147,,268,"Hart, GA "
13149,,62,"Heard, GA "
13151,,3819,"Henry, GA "
13153,,782,"Houston, GA "
13155,,18,"Irwin, GA "
13157,,735,"Jackson, GA "
13159,,211,"Jasper, GA "
13163,,42,"Jefferson, GA "
13167,,32,"Johnson, GA "
13169,,141,"Jones, GA "
13171,,143,"Lamar, GA "
13175,,201,"Laurens, GA "
13177,,200,"Lee, GA "
13179,,225,"Liberty, GA "
13181,,63,"Lincoln, GA "
13183,,18,"Long, GA "
13185,,82,"Lowndes, GA "
13187,,125,"Lumpkin, GA "
13189,,157,"McDuffie, GA "
13191,,86,"McIntosh, GA "
13193,,63,"Macon, GA "
13195,,195,"Madison, GA "
13197,,41,"Marion, GA "
13199,,202,"Meriwether, GA "
13205,,11,"Mitchell, GA "
13207,,186,"Monroe, GA "
13209,,13,"Montgomery, GA "
13211,,143,"Morgan, GA "
13213,,121,"Murray, GA "
13215,,906,"Muscogee, GA "
13217,,1947,"Newton, GA "
13219,,176,"Oconee, GA "
13221,,83,"Oglethorpe, GA "
13223,,753,"Paulding, GA "
13225,,184,"Peach, GA "
13227,,607,"Pickens, GA "
13229,,38,"Pierce, GA "
13231,,155,"Pike, GA "
13233,,96,"Polk, GA "
13237,,107,"Putnam, GA "
13239,,14,"Quitman, GA "
13241,,106,"Rabun, GA "
13243,,30,"Randolph, GA "
13245,,1100,"Richmond, GA "
13247,,2825,"Rockdale, GA "
13249,,19,"Schley, GA "
13251,,40,"Screven, GA "
13255,,1661,"Spalding, GA "
13257,,296,"Stephens, GA "
13261,,229,"Sumter, GA "
13267,,42,"Tattnall, GA "
13269,,53,"Taylor, GA "
13273,,79,"Terrell, GA "
13275,,28,"Thomas, GA "
13277,,186,"Tift, GA "
13279,,67,"Toombs, GA "
13281,,207,"Towns, GA "
13283,,15,"Treutlen, GA "
13285,,307,"Troup, GA "
13287,,20,"Turner, GA "
13289,,39,"Twiggs, GA "
13291,,477,"Union, GA "
13293,,252,"Upson, GA "
13295,,117,"Walker, GA "
13297,,1420,"Walton, GA "
13299,,124,"Ware, GA "
13301,,35,"Warren, GA "
13303,,76,"Washington, GA "
13305,,90,"Wayne, GA "
13311,,273,"White, GA "
13313,,57,"Whitfield, GA "
13317,,28,"Wilkes, GA "
13319,,11,"Wilkinson, GA "
13321,,161,"Worth, GA "
15001,,262,"Hawaii, HI "
15003,,1106,"Honolulu, HI "
15007,,92,"Kauai, HI "
15009,,148,"Maui, HI "
16001,,2394,"Ada, ID "
16005,,47,"Bannock, ID "
16009,,16,"Benewah, ID "
16011,,38,"Bingham, ID "
16013,,39,"Blaine, ID "
16017,,148,"Bonner, ID "
16019,,92,"Bonneville, ID "
16021,,27,"Boundary, ID "
16027,,1323,"Canyon, ID "
16035,,19,"Clearwater, ID "
16039,,274,"Elmore, ID "
16043,,15,"Fremont, ID "
16045,,174,"Gem, ID "
16047,,14,"Gooding, ID "
16049,,32,"Idaho, ID "
16051,,23,"Jefferson, ID "
16053,,13,"Jerome, ID "
16055,,468,"Kootenai, ID "
16057,,43,"Latah, ID "
16059,,12,"Lemhi, ID "
16065,,11,"Madison, ID "
16067,,11,"Minidoka, ID "
16069,,44,"Nez Perce, ID "
16073,,136,"Owyhee, ID "
16075,,260,"Payette, ID "
16079,,16,"Shoshone, ID "
16081,,26,"Teton, ID "
16083,,138,"Twin Falls, ID "
16085,,14,"Valley, ID "
16087,,244,"Washington, ID "
17001,,1447,"Adams, IL "
17003,,174,"Alexander, IL "
17005,,379,"Bond, IL "
17007,,765,"Boone, IL "
17009,,166,"Brown, IL "
17011,,704,"Bureau, IL "
17013,,110,"Calhoun, IL "
17015,,320,"Carroll, IL "
17017,,314,"Cass, IL "
17019,,7266,"Champaign, IL "
17021,,1098,"Christian, IL "
17023,,346,"Clark, IL "
17025,,323,"Clay, IL "
17027,,731,"Clinton, IL "
17029,,1735,"Coles, IL "
17031,,62342,"Cook, IL "
17033,,334,"Crawford, IL "
17035,,334,"Cumberland, IL "
17037,,2680,"DeKalb, IL "
17039,,380,"De Witt, IL "
17041,,515,"Douglas, IL "
17043,,15393,"DuPage, IL "
17045,,451,"Edgar, IL "
17047,,123,"Edwards, IL "
17049,,843,"Effingham, IL "
17051,,581,"Fayette, IL "
17053,,325,"Ford, IL "
17055,,1121,"Franklin, IL "
17057,,775,"Fulton, IL "
17059,,110,"Gallatin, IL "
17061,,326,"Greene, IL "
17063,,905,"Grundy, IL "
17065,,249,"Hamilton, IL "
17067,,375,"Hancock, IL "
17069,,116,"Hardin, IL "
17071,,88,"Henderson, IL "
17073,,915,"Henry, IL "
17075,,575,"Iroquois, IL "
17077,,2617,"Jackson, IL "
17079,,216,"Jasper, IL "
17081,,1127,"Jefferson, IL "
17083,,505,"Jersey, IL "
17085,,366,"Jo Daviess, IL "
17087,,650,"Johnson, IL "
17089,,8896,"Kane, IL "
17091,,3010,"Kankakee, IL "
17093,,1131,"Kendall, IL "
17095,,887,"Knox, IL "
17097,,8466,"Lake, IL "
17099,,2073,"La Salle, IL "
17101,,219,"Lawrence, IL "
17103,,1063,"Lee, IL "
17105,,921,"Livingston, IL "
17107,,1170,"Logan, IL "
17109,,1410,"McDonough, IL "
17111,,5773,"McHenry, IL "
17113,,3972,"McLean, IL "
17115,,2057,"Macon, IL "
17117,,1392,"Macoupin, IL "
17119,,5386,"Madison, IL "
17121,,992,"Marion, IL "
17123,,221,"Marshall, IL "
17125,,413,"Mason, IL "
17127,,321,"Massac, IL "
17129,,789,"Menard, IL "
17131,,250,"Mercer, IL "
17133,,447,"Monroe, IL "
17135,,909,"Montgomery, IL "
17137,,1406,"Morgan, IL "
17139,,300,"Moultrie, IL "
17141,,1115,"Ogle, IL "
17143,,2556,"Peoria, IL "
17145,,523,"Perry, IL "
17147,,644,"Piatt, IL "
17149,,437,"Pike, IL "
17151,,191,"Pope, IL "
17153,,215,"Pulaski, IL "
17155,,112,"Putnam, IL "
17157,,1021,"Randolph, IL "
17159,,338,"Richland, IL "
17161,,1955,"Rock Island, IL "
17163,,3148,"St. Clair, IL "
17165,,690,"Saline, IL "
17167,,12806,"Sangamon, IL "
17169,,213,"Schuyler, IL "
17171,,152,"Scott, IL "
17173,,522,"Shelby, IL "
17175,,87,"Stark, IL "
17177,,756,"Stephenson, IL "
17179,,1958,"Tazewell, IL "
17181,,1043,"Union, IL "
17183,,1226,"Vermilion, IL "
17185,,236,"Wabash, IL "
17187,,469,"Warren, IL "
17189,,337,"Washington, IL "
17191,,331,"Wayne, IL "
17193,,328,"White, IL "
17195,,1001,"Whiteside, IL "
17197,,10260,"Will, IL "
17199,,2365,"Williamson, IL "
17201,,4321,"Winnebago, IL "
17203,,678,"Woodford, IL "
18001,,406,"Adams, IN "
18003,,6950,"Allen, IN "
18005,,144,"Bartholomew, IN "
18007,,37,"Benton, IN "
18009,,61,"Blackford, IN "
18011,,439,"Boone, IN "
18013,,122,"Brown, IN "
18015,,78,"Carroll, IN "
18017,,157,"Cass, IN "
18019,,408,"Clark, IN "
18021,,182,"Clay, IN "
18023,,127,"Clinton, IN "
18025,,60,"Crawford, IN "
18027,,105,"Daviess, IN "
18029,,367,"Dearborn, IN "
18031,,69,"Decatur, IN "
18033,,463,"DeKalb, IN "
18035,,639,"Delaware, IN "
18037,,78,"Dubois, IN "
18039,,596,"Elkhart, IN "
18041,,97,"Fayette, IN "
18043,,411,"Floyd, IN "
18045,,112,"Fountain, IN "
18047,,120,"Franklin, IN "
18049,,47,"Fulton, IN "
18051,,179,"Gibson, IN "
18053,,571,"Grant, IN "
18055,,148,"Greene, IN "
18057,,2338,"Hamilton, IN "
18059,,512,"Hancock, IN "
18061,,224,"Harrison, IN "
18063,,1052,"Hendricks, IN "
18065,,196,"Henry, IN "
18067,,346,"Howard, IN "
18069,,664,"Huntington, IN "
18071,,117,"Jackson, IN "
18073,,452,"Jasper, IN "
18075,,53,"Jay, IN "
18077,,301,"Jefferson, IN "
18079,,110,"Jennings, IN "
18081,,997,"Johnson, IN "
18083,,191,"Knox, IN "
18085,,729,"Kosciusko, IN "
18087,,202,"Lagrange, IN "
18089,,8207,"Lake, IN "
18091,,1341,"La Porte, IN "
18093,,186,"Lawrence, IN "
18095,,902,"Madison, IN "
18097,,4861,"Marion, IN "
18099,,187,"Marshall, IN "
18101,,13,"Martin, IN "
18103,,95,"Miami, IN "
18105,,633,"Monroe, IN "
18107,,176,"Montgomery, IN "
18109,,536,"Morgan, IN "
18111,,160,"Newton, IN "
18113,,439,"Noble, IN "
18115,,57,"Ohio, IN "
18117,,46,"Orange, IN "
18119,,211,"Owen, IN "
18121,,83,"Parke, IN "
18123,,38,"Perry, IN "
18125,,63,"Pike, IN "
18127,,3362,"Porter, IN "
18129,,216,"Posey, IN "
18131,,70,"Pulaski, IN "
18133,,218,"Putnam, IN "
18135,,154,"Randolph, IN "
18137,,133,"Ripley, IN "
18139,,41,"Rush, IN "
18141,,1283,"St. Joseph, IN "
18143,,77,"Scott, IN "
18145,,230,"Shelby, IN "
18147,,132,"Spencer, IN "
18149,,272,"Starke, IN "
18151,,432,"Steuben, IN "
18153,,116,"Sullivan, IN "
18155,,33,"Switzerland, IN "
18157,,571,"Tippecanoe, IN "
18159,,84,"Tipton, IN "
18161,,57,"Union, IN "
18163,,996,"Vanderburgh, IN "
18165,,86,"Vermillion, IN "
18167,,578,"Vigo, IN "
18169,,197,"Wabash, IN "
18171,,63,"Warren, IN "
18173,,415,"Warrick, IN "
18175,,97,"Washington, IN "
18177,,543,"Wayne, IN "
18179,,335,"Wells, IN "
18181,,178,"White, IN "
18183,,853,"Whitley, IN "
19001,,164,"Adair, IA "
19003,,37,"Adams, IA "
19005,,138,"Allamakee, IA "
19007,,181,"Appanoose, IA "
19009,,33,"Audubon, IA "
19011,,513,"Benton, IA "
19013,,1553,"Black Hawk, IA "
19015,,406,"Boone, IA "
19017,,228,"Bremer, IA "
19019,,245,"Buchanan, IA "
19021,,195,"Buena Vista, IA "
19023,,136,"Butler, IA "
19025,,139,"Calhoun, IA "
19027,,251,"Carroll, IA "
19029,,254,"Cass, IA "
19031,,366,"Cedar, IA "
19033,,198,"Cerro Gordo, IA "
19035,,96,"Cherokee, IA "
19037,,59,"Chickasaw, IA "
19039,,54,"Clarke, IA "
19041,,181,"Clay, IA "
19043,,121,"Clayton, IA "
19045,,900,"Clinton, IA "
19047,,310,"Crawford, IA "
19049,,1076,"Dallas, IA "
19051,,41,"Davis, IA "
19053,,201,"Decatur, IA "
19055,,245,"Delaware, IA "
19057,,211,"Des Moines, IA "
19059,,193,"Dickinson, IA "
19061,,59,"Dubuque, IA "
19063,,34,"Emmet, IA "
19065,,251,"Fayette, IA "
19067,,20,"Floyd, IA "
19069,,24,"Franklin, IA "
19071,,159,"Fremont, IA "
19073,,196,"Greene, IA "
19075,,137,"Grundy, IA "
19077,,223,"Guthrie, IA "
19079,,225,"Hamilton, IA "
19081,,17,"Hancock, IA "
19083,,162,"Hardin, IA "
19085,,384,"Harrison, IA "
19087,,165,"Henry, IA "
19089,,33,"Howard, IA "
19091,,50,"Humboldt, IA "
19093,,85,"Ida, IA "
19095,,335,"Iowa, IA "
19097,,169,"Jackson, IA "
19099,,731,"Jasper, IA "
19101,,263,"Jefferson, IA "
19103,,1513,"Johnson, IA "
19105,,460,"Jones, IA "
19107,,180,"Keokuk, IA "
19111,,204,"Lee, IA "
19113,,5398,"Linn, IA "
19115,,89,"Louisa, IA "
19117,,174,"Lucas, IA "
19119,,95,"Lyon, IA "
19121,,251,"Madison, IA "
19123,,371,"Mahaska, IA "
19125,,533,"Marion, IA "
19127,,777,"Marshall, IA "
19129,,304,"Mills, IA "
19133,,323,"Monona, IA "
19135,,86,"Monroe, IA "
19137,,309,"Montgomery, IA "
19139,,684,"Muscatine, IA "
19141,,122,"O'Brien, IA "
19143,,46,"Osceola, IA "
19145,,299,"Page, IA "
19149,,495,"Plymouth, IA "
19151,,96,"Pocahontas, IA "
19153,,7334,"Polk, IA "
19155,,2365,"Pottawattamie, IA "
19157,,280,"Poweshiek, IA "
19159,,96,"Ringgold, IA "
19161,,49,"Sac, IA "
19163,,3384,"Scott, IA "
19165,,263,"Shelby, IA "
19167,,177,"Sioux, IA "
19169,,757,"Story, IA "
19171,,306,"Tama, IA "
19173,,72,"Taylor, IA "
19175,,359,"Union, IA "
19177,,51,"Van Buren, IA "
19179,,393,"Wapello, IA "
19181,,810,"Warren, IA "
19183,,293,"Washington, IA "
19185,,102,"Wayne, IA "
19187,,507,"Webster, IA "
19189,,43,"Winnebago, IA "
19191,,127,"Winneshiek, IA "
19193,,2550,"Woodbury, IA "
19197,,139,"Wright, IA "
20005,,17,"Atchison, KS "
20009,,13,"Barton, KS "
20011,,18,"Bourbon, KS "
20015,,156,"Butler, KS "
20021,,21,"Cherokee, KS "
20035,,33,"Cowley, KS "
20037,,46,"Crawford, KS "
20041,,12,"Dickinson, KS "
20045,,211,"Douglas, KS "
20051,,20,"Ellis, KS "
20055,,12,"Finney, KS "
20059,,26,"Franklin, KS "
20061,,46,"Geary, KS "
20067,,47,"Grant, KS "
20073,,12,"Greenwood, KS "
20079,,31,"Harvey, KS "
20081,,15,"Haskell, KS "
20087,,32,"Jefferson, KS "
20091,,730,"Johnson, KS "
20095,,11,"Kingman, KS "
20099,,20,"Labette, KS "
20103,,140,"Leavenworth, KS "
20107,,14,"Linn, KS "
20111,,33,"Lyon, KS "
20113,,20,"McPherson, KS "
20121,,79,"Miami, KS "
20125,,60,"Montgomery, KS "
20133,,13,"Neosho, KS "
20139,,16,"Osage, KS "
20149,,34,"Pottawatomie, KS "
20151,,12,"Pratt, KS "
20155,,75,"Reno, KS "
20161,,89,"Riley, KS "
20167,,11,"Russell, KS "
20169,,20,"Saline, KS "
20173,,1117,"Sedgwick, KS "
20175,,18,"Seward, KS "
20177,,245,"Shawnee, KS "
20191,,46,"Sumner, KS "
20205,,12,"Wilson, KS "
20209,,93,"Wyandotte, KS "
21001,,17,"Adair, KY "
21003,,23,"Allen, KY "
21005,,246,"Anderson, KY "
21007,,22,"Ballard, KY "
21009,,321,"Barren, KY "
21011,,16,"Bath, KY "
21015,,800,"Boone, KY "
21017,,153,"Bourbon, KY "
21019,,833,"Boyd, KY "
21021,,40,"Boyle, KY "
21023,,89,"Bracken, KY "
21025,,24,"Breathitt, KY "
21027,,168,"Breckinridge, KY "
21029,,493,"Bullitt, KY "
21031,,52,"Butler, KY "
21033,,19,"Caldwell, KY "
21035,,77,"Calloway, KY "
21037,,698,"Campbell, KY "
21041,,101,"Carroll, KY "
21043,,303,"Carter, KY "
21045,,20,"Casey, KY "
21047,,439,"Christian, KY "
21049,,362,"Clark, KY "
21055,,37,"Crittenden, KY "
21059,,130,"Daviess, KY "
21061,,53,"Edmonson, KY "
21063,,11,"Elliott, KY "
21065,,14,"Estill, KY "
21067,,2179,"Fayette, KY "
21069,,19,"Fleming, KY "
21071,,238,"Floyd, KY "
21073,,397,"Franklin, KY "
21077,,43,"Gallatin, KY "
21079,,24,"Garrard, KY "
21081,,132,"Grant, KY "
21083,,115,"Graves, KY "
21085,,133,"Grayson, KY "
21089,,549,"Greenup, KY "
21091,,29,"Hancock, KY "
21093,,1057,"Hardin, KY "
21095,,20,"Harlan, KY "
21097,,110,"Harrison, KY "
21099,,88,"Hart, KY "
21101,,257,"Henderson, KY "
21103,,107,"Henry, KY "
21107,,426,"Hopkins, KY "
21111,,3805,"Jefferson, KY "
21113,,411,"Jessamine, KY "
21115,,31,"Johnson, KY "
21117,,1201,"Kenton, KY "
21119,,68,"Knott, KY "
21121,,171,"Knox, KY "
21123,,166,"Larue, KY "
21125,,326,"Laurel, KY "
21127,,104,"Lawrence, KY "
21133,,87,"Letcher, KY "
21135,,120,"Lewis, KY "
21137,,24,"Lincoln, KY "
21139,,18,"Livingston, KY "
21141,,169,"Logan, KY "
21143,,35,"Lyon, KY "
21145,,510,"McCracken, KY "
21147,,60,"McCreary, KY "
21149,,32,"McLean, KY "
21151,,904,"Madison, KY "
21155,,19,"Marion, KY "
21157,,113,"Marshall, KY "
21159,,74,"Martin, KY "
21161,,180,"Mason, KY "
21163,,246,"Meade, KY "
21167,,18,"Mercer, KY "
21173,,200,"Montgomery, KY "
21177,,152,"Muhlenberg, KY "
21179,,345,"Nelson, KY "
21181,,39,"Nicholas, KY "
21183,,81,"Ohio, KY "
21185,,320,"Oldham, KY "
21191,,87,"Pendleton, KY "
21193,,51,"Perry, KY "
21195,,573,"Pike, KY "
21197,,15,"Powell, KY "
21199,,602,"Pulaski, KY "
21203,,17,"Rockcastle, KY "
21205,,217,"Rowan, KY "
21207,,101,"Russell, KY "
21209,,424,"Scott, KY "
21211,,277,"Shelby, KY "
21213,,18,"Simpson, KY "
21215,,118,"Spencer, KY "
21217,,177,"Taylor, KY "
21219,,30,"Todd, KY "
21221,,60,"Trigg, KY "
21223,,85,"Trimble, KY "
21225,,165,"Union, KY "
21227,,658,"Warren, KY "
21231,,238,"Wayne, KY "
21233,,87,"Webster, KY "
21235,,181,"Whitley, KY "
21239,,208,"Woodford, KY "
22001,,1021,"Acadia, LA "
22003,,393,"Allen, LA "
22005,,876,"Ascension, LA "
22007,,377,"Assumption, LA "
22009,,1069,"Avoyelles, LA "
22011,,736,"Beauregard, LA "
22013,,356,"Bienville, LA "
22015,,2141,"Bossier, LA "
22017,,5354,"Caddo, LA "
22019,,3715,"Calcasieu, LA "
22021,,146,"Caldwell, LA "
22023,,53,"Cameron, LA "
22025,,123,"Catahoula, LA "
22027,,341,"Claiborne, LA "
22029,,190,"Concordia, LA "
22031,,714,"De Soto, LA "
22033,,4783,"East Baton Rouge, LA "
22035,,27,"East Carroll, LA "
22037,,255,"East Feliciana, LA "
22039,,627,"Evangeline, LA "
22041,,330,"Franklin, LA "
22043,,330,"Grant, LA "
22045,,1187,"Iberia, LA "
22047,,391,"Iberville, LA "
22049,,304,"Jackson, LA "
22051,,2665,"Jefferson, LA "
22053,,506,"Jefferson Davis, LA "
22055,,3473,"Lafayette, LA "
22057,,1380,"Lafourche, LA "
22059,,150,"LaSalle, LA "
22061,,617,"Lincoln, LA "
22063,,1176,"Livingston, LA "
22065,,126,"Madison, LA "
22067,,478,"Morehouse, LA "
22069,,1106,"Natchitoches, LA "
22071,,3097,"Orleans, LA "
22073,,2685,"Ouachita, LA "
22075,,132,"Plaquemines, LA "
22077,,267,"Pointe Coupee, LA "
22079,,2556,"Rapides, LA "
22081,,194,"Red River, LA "
22083,,304,"Richland, LA "
22085,,730,"Sabine, LA "
22087,,275,"St. Bernard, LA "
22089,,477,"St. Charles, LA "
22091,,115,"St. Helena, LA "
22093,,299,"St. James, LA "
22095,,326,"St. John the Baptist, LA "
22097,,1661,"St. Landry, LA "
22099,,996,"St. Martin, LA "
22101,,872,"St. Mary, LA "
22103,,2461,"St. Tammany, LA "
22105,,1699,"Tangipahoa, LA "
22107,,76,"Tensas, LA "
22109,,2053,"Terrebonne, LA "
22111,,415,"Union, LA "
22113,,966,"Vermilion, LA "
22115,,782,"Vernon, LA "
22117,,576,"Washington, LA "
22119,,800,"Webster, LA "
22121,,334,"West Baton Rouge, LA "
22123,,93,"West Carroll, LA "
22125,,105,"West Feliciana, LA "
22127,,384,"Winn, LA "
23001,,1899,"Androscoggin, ME "
23003,,1036,"Aroostook, ME "
23005,,10155,"Cumberland, ME "
23007,,429,"Franklin, ME "
23009,,800,"Hancock, ME "
23011,,4712,"Kennebec, ME "
23013,,1148,"Knox, ME "
23015,,1390,"Lincoln, ME "
23017,,1321,"Oxford, ME "
23019,,2847,"Penobscot, ME "
23021,,353,"Piscataquis, ME "
23023,,1474,"Sagadahoc, ME "
23025,,738,"Somerset, ME "
23027,,999,"Waldo, ME "
23029,,592,"Washington, ME "
23031,,6912,"York, ME "
24001,,127,"Allegany, MD "
24003,,5722,"Anne Arundel, MD "
24005,,10169,"Baltimore, MD "
24009,,328,"Calvert, MD "
24011,,114,"Caroline, MD "
24013,,1924,"Carroll, MD "
24015,,625,"Cecil, MD "
24017,,372,"Charles, MD "
24019,,92,"Dorchester, MD "
24021,,1465,"Frederick, MD "
24023,,145,"Garrett, MD "
24025,,2661,"Harford, MD "
24027,,2533,"Howard, MD "
24029,,124,"Kent, MD "
24031,,4322,"Montgomery, MD "
24033,,1691,"Prince George's, MD "
24035,,408,"Queen Anne's, MD "
24037,,222,"St. Mary's, MD "
24039,,84,"Somerset, MD "
24041,,244,"Talbot, MD "
24043,,1058,"Washington, MD "
24045,,184,"Wicomico, MD "
24047,,501,"Worcester, MD "
24510,,9003,"Baltimore City, MD "
25001,,1759,"Barnstable, MA "
25003,,238,"Berkshire, MA "
25005,,8356,"Bristol, MA "
25007,,91,"Dukes, MA "
25009,,5242,"Essex, MA "
25011,,160,"Franklin, MA "
25013,,3959,"Hampden, MA "
25015,,899,"Hampshire, MA "
25017,,7584,"Middlesex, MA "
25019,,23,"Nantucket, MA "
25021,,4757,"Norfolk, MA "
25023,,4361,"Plymouth, MA "
25025,,3264,"Suffolk, MA "
25027,,11784,"Worcester, MA "
26001,,212,"Alcona, MI "
26003,,52,"Alger, MI "
26005,,781,"Allegan, MI "
26007,,311,"Alpena, MI "
26009,,295,"Antrim, MI "
26011,,163,"Arenac, MI "
26013,,56,"Baraga, MI "
26015,,216,"Barry, MI "
26017,,1610,"Bay, MI "
26019,,272,"Benzie, MI "
26021,,2225,"Berrien, MI "
26023,,554,"Branch, MI "
26025,,1665,"Calhoun, MI "
26027,,695,"Cass, MI "
26029,,306,"Charlevoix, MI "
26031,,369,"Cheboygan, MI "
26033,,199,"Chippewa, MI "
26035,,446,"Clare, MI "
26037,,272,"Clinton, MI "
26039,,192,"Crawford, MI "
26041,,559,"Delta, MI "
26043,,364,"Dickinson, MI "
26045,,588,"Eaton, MI "
26047,,326,"Emmet, MI "
26049,,3650,"Genesee, MI "
26051,,662,"Gladwin, MI "
26053,,25,"Gogebic, MI "
26055,,843,"Grand Traverse, MI "
26057,,397,"Gratiot, MI "
26059,,489,"Hillsdale, MI "
26061,,171,"Houghton, MI "
26063,,264,"Huron, MI "
26065,,1504,"Ingham, MI "
26067,,29,"Ionia, MI "
26069,,338,"Iosco, MI "
26071,,107,"Iron, MI "
26073,,496,"Isabella, MI "
26075,,1545,"Jackson, MI "
26077,,1966,"Kalamazoo, MI "
26079,,211,"Kalkaska, MI "
26081,,2435,"Kent, MI "
26083,,16,"Keweenaw, MI "
26085,,87,"Lake, MI "
26087,,637,"Lapeer, MI "
26089,,273,"Leelanau, MI "
26091,,725,"Lenawee, MI "
26093,,1437,"Livingston, MI "
26095,,49,"Luce, MI "
26097,,98,"Mackinac, MI "
26099,,11455,"Macomb, MI "
26101,,336,"Manistee, MI "
26103,,373,"Marquette, MI "
26105,,266,"Mason, MI "
26107,,50,"Mecosta, MI "
26109,,194,"Menominee, MI "
26111,,4141,"Midland, MI "
26113,,171,"Missaukee, MI "
26115,,2388,"Monroe, MI "
26117,,482,"Montcalm, MI "
26119,,151,"Montmorency, MI "
26121,,1666,"Muskegon, MI "
26123,,286,"Newaygo, MI "
26125,,11202,"Oakland, MI "
26127,,157,"Oceana, MI "
26129,,171,"Ogemaw, MI "
26131,,24,"Ontonagon, MI "
26133,,23,"Osceola, MI "
26135,,128,"Oscoda, MI "
26137,,265,"Otsego, MI "
26139,,1145,"Ottawa, MI "
26141,,189,"Presque Isle, MI "
26143,,243,"Roscommon, MI "
26145,,2635,"Saginaw, MI "
26147,,2043,"St. Clair, MI "
26149,,765,"St. Joseph, MI "
26151,,259,"Sanilac, MI "
26153,,135,"Schoolcraft, MI "
26155,,608,"Shiawassee, MI "
26157,,290,"Tuscola, MI "
26159,,425,"Van Buren, MI "
26161,,2283,"Washtenaw, MI "
26163,,20831,"Wayne, MI "
26165,,346,"Wexford, MI "
27001,,37,"Aitkin, MN "
27003,,4031,"Anoka, MN "
27005,,13,"Becker, MN "
27007,,24,"Beltrami, MN "
27009,,22,"Benton, MN "
27013,,467,"Blue Earth, MN "
27015,,1540,"Brown, MN "
27017,,28,"Carlton, MN "
27019,,1211,"Carver, MN "
27021,,44,"Cass, MN "
27025,,468,"Chisago, MN "
27027,,29,"Clay, MN "
27029,,11,"Clearwater, MN "
27035,,55,"Crow Wing, MN "
27037,,3162,"Dakota, MN "
27041,,28,"Douglas, MN "
27045,,31,"Fillmore, MN "
27049,,31,"Goodhue, MN "
27053,,6616,"Hennepin, MN "
27055,,15,"Houston, MN "
27057,,26,"Hubbard, MN "
27059,,797,"Isanti, MN "
27061,,270,"Itasca, MN "
27065,,297,"Kanabec, MN "
27067,,16,"Kandiyohi, MN "
27075,,23,"Lake, MN "
27079,,147,"Le Sueur, MN "
27085,,619,"McLeod, MN "
27091,,11,"Martin, MN "
27093,,196,"Meeker, MN "
27095,,89,"Mille Lacs, MN "
27097,,19,"Morrison, MN "
27103,,396,"Nicollet, MN "
27109,,61,"Olmsted, MN "
27111,,40,"Otter Tail, MN "
27115,,22,"Pine, MN "
27123,,3249,"Ramsey, MN "
27129,,118,"Renville, MN "
27131,,23,"Rice, MN "
27137,,1512,"St. Louis, MN "
27139,,916,"Scott, MN "
27141,,86,"Sherburne, MN "
27143,,274,"Sibley, MN "
27145,,51,"Stearns, MN "
27147,,170,"Steele, MN "
27153,,13,"Todd, MN "
27157,,16,"Wabasha, MN "
27161,,104,"Waseca, MN "
27163,,1604,"Washington, MN "
27169,,26,"Winona, MN "
27171,,1492,"Wright, MN "
28001,,214,"Adams, MS "
28003,,278,"Alcorn, MS "
28005,,88,"Amite, MS "
28007,,70,"Attala, MS "
28009,,233,"Benton, MS "
28011,,150,"Bolivar, MS "
28013,,460,"Calhoun, MS "
28015,,31,"Carroll, MS "
28017,,878,"Chickasaw, MS "
28019,,105,"Choctaw, MS "
28021,,32,"Claiborne, MS "
28025,,1058,"Clay, MS "
28027,,71,"Coahoma, MS "
28029,,121,"Copiah, MS "
28031,,16,"Covington, MS "
28033,,1996,"DeSoto, MS "
28035,,282,"Forrest, MS "
28037,,37,"Franklin, MS "
28039,,119,"George, MS "
28041,,27,"Greene, MS "
28043,,232,"Grenada, MS "
28045,,925,"Hancock, MS "
28047,,2468,"Harrison, MS "
28049,,974,"Hinds, MS "
28051,,72,"Holmes, MS "
28053,,19,"Humphreys, MS "
28057,,691,"Itawamba, MS "
28059,,1695,"Jackson, MS "
28063,,39,"Jefferson, MS "
28065,,11,"Jefferson Davis, MS "
28067,,395,"Jones, MS "
28071,,467,"Lafayette, MS "
28073,,131,"Lamar, MS "
28075,,35,"Lauderdale, MS "
28079,,14,"Leake, MS "
28081,,3069,"Lee, MS "
28083,,90,"Leflore, MS "
28085,,131,"Lincoln, MS "
28087,,3394,"Lowndes, MS "
28089,,243,"Madison, MS "
28091,,83,"Marion, MS "
28093,,1100,"Marshall, MS "
28095,,1330,"Monroe, MS "
28097,,59,"Montgomery, MS "
28101,,11,"Newton, MS "
28103,,137,"Noxubee, MS "
28105,,1257,"Oktibbeha, MS "
28107,,610,"Panola, MS "
28109,,746,"Pearl River, MS "
28111,,28,"Perry, MS "
28113,,193,"Pike, MS "
28115,,1252,"Pontotoc, MS "
28117,,718,"Prentiss, MS "
28119,,29,"Quitman, MS "
28121,,332,"Rankin, MS "
28125,,14,"Sharkey, MS "
28127,,90,"Simpson, MS "
28131,,150,"Stone, MS "
28133,,93,"Sunflower, MS "
28135,,81,"Tallahatchie, MS "
28137,,424,"Tate, MS "
28139,,615,"Tippah, MS "
28141,,473,"Tishomingo, MS "
28143,,73,"Tunica, MS "
28145,,820,"Union, MS "
28147,,69,"Walthall, MS "
28149,,203,"Warren, MS "
28151,,222,"Washington, MS "
28153,,59,"Wayne, MS "
28155,,320,"Webster, MS "
28157,,25,"Wilkinson, MS "
28159,,125,"Winston, MS "
28161,,152,"Yalobusha, MS "
28163,,80,"Yazoo, MS "
29001,,21,"Adair, MO "
29007,,14,"Audrain, MO "
29009,,61,"Barry, MO "
29013,,11,"Bates, MO "
29015,,28,"Benton, MO "
29017,,16,"Bollinger, MO "
29019,,206,"Boone, MO "
29021,,36,"Buchanan, MO "
29023,,54,"Butler, MO "
29027,,32,"Callaway, MO "
29029,,147,"Camden, MO "
29031,,179,"Cape Girardeau, MO "
29037,,126,"Cass, MO "
29039,,17,"Cedar, MO "
29041,,12,"Chariton, MO "
29043,,142,"Christian, MO "
29047,,205,"Clay, MO "
29049,,14,"Clinton, MO "
29051,,50,"Cole, MO "
29053,,19,"Cooper, MO "
29055,,38,"Crawford, MO "
29059,,28,"Dallas, MO "
29065,,17,"Dent, MO "
29067,,22,"Douglas, MO "
29069,,17,"Dunklin, MO "
29071,,257,"Franklin, MO "
29073,,36,"Gasconade, MO "
29077,,257,"Greene, MO "
29083,,18,"Henry, MO "
29085,,13,"Hickory, MO "
29091,,76,"Howell, MO "
29093,,12,"Iron, MO "
29095,,524,"Jackson, MO "
29097,,64,"Jasper, MO "
29099,,396,"Jefferson, MO "
29101,,43,"Johnson, MO "
29105,,45,"Laclede, MO "
29107,,22,"Lafayette, MO "
29109,,29,"Lawrence, MO "
29111,,25,"Lewis, MO "
29113,,232,"Lincoln, MO "
29115,,17,"Linn, MO "
29119,,12,"McDonald, MO "
29121,,20,"Macon, MO "
29123,,16,"Madison, MO "
29127,,53,"Marion, MO "
29131,,28,"Miller, MO "
29133,,11,"Mississippi, MO "
29139,,16,"Montgomery, MO "
29141,,36,"Morgan, MO "
29143,,11,"New Madrid, MO "
29145,,33,"Newton, MO "
29147,,16,"Nodaway, MO "
29149,,16,"Oregon, MO "
29153,,30,"Ozark, MO "
29157,,107,"Perry, MO "
29159,,50,"Pettis, MO "
29161,,64,"Phelps, MO "
29163,,33,"Pike, MO "
29165,,112,"Platte, MO "
29167,,48,"Polk, MO "
29169,,74,"Pulaski, MO "
29173,,15,"Ralls, MO "
29175,,26,"Randolph, MO "
29177,,23,"Ray, MO "
29181,,23,"Ripley, MO "
29183,,1972,"St. Charles, MO "
29186,,29,"Ste. Genevieve, MO "
29187,,80,"St. Francois, MO "
29189,,2639,"St. Louis, MO "
29195,,16,"Saline, MO "
29201,,28,"Scott, MO "
29203,,11,"Shannon, MO "
29207,,30,"Stoddard, MO "
29209,,110,"Stone, MO "
29213,,163,"Taney, MO "
29215,,64,"Texas, MO "
29217,,11,"Vernon, MO "
29219,,192,"Warren, MO "
29221,,34,"Washington, MO "
29223,,15,"Wayne, MO "
29225,,36,"Webster, MO "
29229,,27,"Wright, MO "
29510,,263,"St. Louis City, MO "
30001,,16,"Beaverhead, MT "
30009,,30,"Carbon, MT "
30013,,61,"Cascade, MT "
30029,,181,"Flathead, MT "
30031,,142,"Gallatin, MT "
30043,,14,"Jefferson, MT "
30047,,71,"Lake, MT "
30049,,50,"Lewis and Clark, MT "
30053,,42,"Lincoln, MT "
30057,,14,"Madison, MT "
30061,,11,"Mineral, MT "
30063,,121,"Missoula, MT "
30067,,39,"Park, MT "
30081,,124,"Ravalli, MT "
30089,,24,"Sanders, MT "
30093,,24,"Silver Bow, MT "
30095,,38,"Stillwater, MT "
30111,,357,"Yellowstone, MT "
31001,,397,"Adams, NE "
31003,,41,"Antelope, NE "
31011,,16,"Boone, NE "
31013,,12,"Box Butte, NE "
31019,,406,"Buffalo, NE "
31021,,143,"Burt, NE "
31023,,69,"Butler, NE "
31025,,304,"Cass, NE "
31027,,83,"Cedar, NE "
31035,,54,"Clay, NE "
31037,,51,"Colfax, NE "
31039,,64,"Cuming, NE "
31041,,150,"Custer, NE "
31043,,426,"Dakota, NE "
31051,,131,"Dixon, NE "
31053,,489,"Dodge, NE "
31055,,6399,"Douglas, NE "
31059,,53,"Fillmore, NE "
31061,,45,"Franklin, NE "
31063,,19,"Frontier, NE "
31065,,88,"Furnas, NE "
31067,,419,"Gage, NE "
31071,,21,"Garfield, NE "
31073,,22,"Gosper, NE "
31077,,23,"Greeley, NE "
31079,,447,"Hall, NE "
31081,,56,"Hamilton, NE "
31083,,49,"Harlan, NE "
31089,,107,"Holt, NE "
31093,,52,"Howard, NE "
31095,,121,"Jefferson, NE "
31097,,34,"Johnson, NE "
31099,,57,"Kearney, NE "
31101,,12,"Keith, NE "
31107,,86,"Knox, NE "
31109,,2458,"Lancaster, NE "
31115,,11,"Loup, NE "
31119,,293,"Madison, NE "
31121,,60,"Merrick, NE "
31125,,23,"Nance, NE "
31127,,64,"Nemaha, NE "
31129,,12,"Nuckolls, NE "
31131,,151,"Otoe, NE "
31133,,32,"Pawnee, NE "
31137,,120,"Phelps, NE "
31139,,45,"Pierce, NE "
31141,,65,"Platte, NE "
31143,,27,"Polk, NE "
31147,,24,"Richardson, NE "
31151,,97,"Saline, NE "
31153,,1891,"Sarpy, NE "
31155,,219,"Saunders, NE "
31159,,47,"Seward, NE "
31163,,18,"Sherman, NE "
31167,,51,"Stanton, NE "
31169,,52,"Thayer, NE "
31173,,25,"Thurston, NE "
31175,,48,"Valley, NE "
31177,,325,"Washington, NE "
31179,,59,"Wayne, NE "
31181,,46,"Webster, NE "
31185,,82,"York, NE "
32001,,937,"Churchill, NV "
32003,,21636,"Clark, NV "
32005,,1858,"Douglas, NV "
32013,,11,"Humboldt, NV "
32019,,1521,"Lyon, NV "
32023,,623,"Nye, NV "
32029,,144,"Storey, NV "
32031,,4935,"Washoe, NV "
32510,,1346,"Carson City, NV "
33001,,923,"Belknap, NH "
33003,,1292,"Carroll, NH "
33005,,210,"Cheshire, NH "
33007,,660,"Coos, NH "
33009,,873,"Grafton, NH "
33011,,3471,"Hillsborough, NH "
33013,,1327,"Merrimack, NH "
33015,,3678,"Rockingham, NH "
33017,,1385,"Strafford, NH "
33019,,351,"Sullivan, NH "
34001,,9183,"Atlantic, NJ "
34003,,16773,"Bergen, NJ "
34005,,19627,"Burlington, NJ "
34007,,17954,"Camden, NJ "
34009,,5572,"Cape May, NJ "
34011,,6453,"Cumberland, NJ "
34013,,13730,"Essex, NJ "
34015,,13170,"Gloucester, NJ "
34017,,5213,"Hudson, NJ "
34019,,5394,"Hunterdon, NJ "
34021,,16044,"Mercer, NJ "
34023,,17362,"Middlesex, NJ "
34025,,17265,"Monmouth, NJ "
34027,,14304,"Morris, NJ "
34029,,24625,"Ocean, NJ "
34031,,8993,"Passaic, NJ "
34033,,2766,"Salem, NJ "
34035,,7945,"Somerset, NJ "
34037,,5689,"Sussex, NJ "
34039,,11140,"Union, NJ "
34041,,4342,"Warren, NJ "
35001,,619,"Bernalillo, NM "
35003,,11,"Catron, NM "
35005,,42,"Chaves, NM "
35007,,19,"Colfax, NM "
35009,,25,"Curry, NM "
35013,,306,"Dona Ana, NM "
35015,,49,"Eddy, NM "
35017,,38,"Grant, NM "
35025,,91,"Lea, NM "
35027,,54,"Lincoln, NM "
35028,,16,"Los Alamos, NM "
35029,,23,"Luna, NM "
35031,,11,"McKinley, NM "
35035,,67,"Otero, NM "
35039,,26,"Rio Arriba, NM "
35043,,274,"Sandoval, NM "
35045,,106,"San Juan, NM "
35049,,324,"Santa Fe, NM "
35051,,23,"Sierra, NM "
35055,,55,"Taos, NM "
35057,,15,"Torrance, NM "
35061,,76,"Valencia, NM "
36001,,2976,"Albany, NY "
36003,,425,"Allegany, NY "
36005,,17118,"Bronx, NY "
36007,,3975,"Broome, NY "
36009,,597,"Cattaraugus, NY "
36011,,2135,"Cayuga, NY "
36013,,1329,"Chautauqua, NY "
36015,,2019,"Chemung, NY "
36017,,739,"Chenango, NY "
36019,,2055,"Clinton, NY "
36021,,704,"Columbia, NY "
36023,,1371,"Cortland, NY "
36025,,736,"Delaware, NY "
36027,,5118,"Dutchess, NY "
36029,,5542,"Erie, NY "
36031,,502,"Essex, NY "
36033,,1398,"Franklin, NY "
36035,,475,"Fulton, NY "
36037,,769,"Genesee, NY "
36039,,678,"Greene, NY "
36041,,164,"Hamilton, NY "
36043,,830,"Herkimer, NY "
36045,,1448,"Jefferson, NY "
36047,,33833,"Kings, NY "
36049,,428,"Lewis, NY "
36051,,1311,"Livingston, NY "
36053,,1628,"Madison, NY "
36055,,15857,"Monroe, NY "
36057,,318,"Montgomery, NY "
36059,,21570,"Nassau, NY "
36061,,14964,"New York, NY "
36063,,1586,"Niagara, NY "
36065,,2575,"Oneida, NY "
36067,,17207,"Onondaga, NY "
36069,,2391,"Ontario, NY "
36071,,7042,"Orange, NY "
36073,,435,"Orleans, NY "
36075,,3483,"Oswego, NY "
36077,,978,"Otsego, NY "
36079,,2380,"Putnam, NY "
36081,,29450,"Queens, NY "
36083,,1176,"Rensselaer, NY "
36085,,12449,"Richmond, NY "
36087,,5326,"Rockland, NY "
36089,,1950,"St. Lawrence, NY "
36091,,2473,"Saratoga, NY "
36093,,1390,"Schenectady, NY "
36095,,297,"Schoharie, NY "
36097,,565,"Schuyler, NY "
36099,,524,"Seneca, NY "
36101,,1819,"Steuben, NY "
36103,,25525,"Suffolk, NY "
36105,,1662,"Sullivan, NY "
36107,,1157,"Tioga, NY "
36109,,3541,"Tompkins, NY "
36111,,4063,"Ulster, NY "
36113,,1099,"Warren, NY "
36115,,803,"Washington, NY "
36117,,1854,"Wayne, NY "
36119,,20922,"Westchester, NY "
36121,,343,"Wyoming, NY "
36123,,457,"Yates, NY "
37001,,4390,"Alamance, NC "
37003,,881,"Alexander, NC "
37005,,201,"Alleghany, NC "
37007,,412,"Anson, NC "
37009,,338,"Ashe, NC "
37011,,139,"Avery, NC "
37013,,794,"Beaufort, NC "
37015,,284,"Bertie, NC "
37017,,552,"Bladen, NC "
37019,,4304,"Brunswick, NC "
37021,,3442,"Buncombe, NC "
37023,,2217,"Burke, NC "
37025,,4309,"Cabarrus, NC "
37027,,3944,"Caldwell, NC "
37029,,40,"Camden, NC "
37031,,246,"Carteret, NC "
37033,,729,"Caswell, NC "
37035,,4193,"Catawba, NC "
37037,,2325,"Chatham, NC "
37039,,1358,"Cherokee, NC "
37041,,139,"Chowan, NC "
37043,,504,"Clay, NC "
37045,,1797,"Cleveland, NC "
37047,,531,"Columbus, NC "
37049,,1820,"Craven, NC "
37051,,3354,"Cumberland, NC "
37053,,136,"Currituck, NC "
37055,,248,"Dare, NC "
37057,,3994,"Davidson, NC "
37059,,752,"Davie, NC "
37061,,808,"Duplin, NC "
37063,,4971,"Durham, NC "
37065,,1403,"Edgecombe, NC "
37067,,5961,"Forsyth, NC "
37069,,1086,"Franklin, NC "
37071,,6531,"Gaston, NC "
37073,,65,"Gates, NC "
37075,,142,"Graham, NC "
37077,,701,"Granville, NC "
37079,,288,"Greene, NC "
37081,,10152,"Guilford, NC "
37083,,950,"Halifax, NC "
37085,,2080,"Harnett, NC "
37087,,850,"Haywood, NC "
37089,,2100,"Henderson, NC "
37091,,165,"Hertford, NC "
37093,,652,"Hoke, NC "
37095,,47,"Hyde, NC "
37097,,2796,"Iredell, NC "
37099,,475,"Jackson, NC "
37101,,3311,"Johnston, NC "
37103,,151,"Jones, NC "
37105,,870,"Lee, NC "
37107,,852,"Lenoir, NC "
37109,,2051,"Lincoln, NC "
37111,,657,"McDowell, NC "
37113,,1316,"Macon, NC "
37115,,251,"Madison, NC "
37117,,358,"Martin, NC "
37119,,15886,"Mecklenburg, NC "
37121,,233,"Mitchell, NC "
37123,,356,"Montgomery, NC "
37125,,1390,"Moore, NC "
37127,,2168,"Nash, NC "
37129,,836,"New Hanover, NC "
37131,,410,"Northampton, NC "
37133,,1942,"Onslow, NC "
37135,,2329,"Orange, NC "
37137,,145,"Pamlico, NC "
37139,,212,"Pasquotank, NC "
37141,,689,"Pender, NC "
37143,,129,"Perquimans, NC "
37145,,1500,"Person, NC "
37147,,2612,"Pitt, NC "
37149,,354,"Polk, NC "
37151,,3735,"Randolph, NC "
37153,,404,"Richmond, NC "
37155,,3272,"Robeson, NC "
37157,,2807,"Rockingham, NC "
37159,,3537,"Rowan, NC "
37161,,1299,"Rutherford, NC "
37163,,1344,"Sampson, NC "
37165,,536,"Scotland, NC "
37167,,916,"Stanly, NC "
37169,,1020,"Stokes, NC "
37171,,330,"Surry, NC "
37173,,107,"Swain, NC "
37175,,512,"Transylvania, NC "
37179,,5728,"Union, NC "
37181,,646,"Vance, NC "
37183,,14521,"Wake, NC "
37185,,338,"Warren, NC "
37187,,96,"Washington, NC "
37189,,142,"Watauga, NC "
37191,,1527,"Wayne, NC "
37193,,545,"Wilkes, NC "
37195,,1342,"Wilson, NC "
37197,,266,"Yadkin, NC "
37199,,318,"Yancey, NC "
38015,,44,"Burleigh, ND "
38017,,48,"Cass, ND "
38035,,27,"Grand Forks, ND "
38059,,20,"Morton, ND "
38061,,11,"Mountrail, ND "
38101,,28,"Ward, ND "
38105,,15,"Williams, ND "
39001,,594,"Adams, OH "
39003,,2254,"Allen, OH "
39005,,1470,"Ashland, OH "
39007,,2047,"Ashtabula, OH "
39009,,1583,"Athens, OH "
39011,,1188,"Auglaize, OH "
39013,,2163,"Belmont, OH "
39015,,1260,"Brown, OH "
39017,,8941,"Butler, OH "
39019,,860,"Carroll, OH "
39021,,870,"Champaign, OH "
39023,,3032,"Clark, OH "
39025,,4963,"Clermont, OH "
39027,,992,"Clinton, OH "
39029,,3159,"Columbiana, OH "
39031,,2178,"Coshocton, OH "
39033,,1202,"Crawford, OH "
39035,,21612,"Cuyahoga, OH "
39037,,1013,"Darke, OH "
39039,,1216,"Defiance, OH "
39041,,7050,"Delaware, OH "
39043,,1898,"Erie, OH "
39045,,4434,"Fairfield, OH "
39047,,708,"Fayette, OH "
39049,,32363,"Franklin, OH "
39051,,1412,"Fulton, OH "
39053,,868,"Gallia, OH "
39055,,2129,"Geauga, OH "
39057,,2825,"Greene, OH "
39059,,2217,"Guernsey, OH "
39061,,16689,"Hamilton, OH "
39063,,2891,"Hancock, OH "
39065,,876,"Hardin, OH "
39067,,629,"Harrison, OH "
39069,,1050,"Henry, OH "
39071,,874,"Highland, OH "
39073,,536,"Hocking, OH "
39075,,461,"Holmes, OH "
39077,,1213,"Huron, OH "
39079,,713,"Jackson, OH "
39081,,2436,"Jefferson, OH "
39083,,2092,"Knox, OH "
39085,,4996,"Lake, OH "
39087,,1174,"Lawrence, OH "
39089,,5228,"Licking, OH "
39091,,1246,"Logan, OH "
39093,,7742,"Lorain, OH "
39095,,14262,"Lucas, OH "
39097,,1132,"Madison, OH "
39099,,5993,"Mahoning, OH "
39101,,2178,"Marion, OH "
39103,,4032,"Medina, OH "
39105,,821,"Meigs, OH "
39107,,1184,"Mercer, OH "
39109,,2339,"Miami, OH "
39111,,302,"Monroe, OH "
39113,,9234,"Montgomery, OH "
39115,,745,"Morgan, OH "
39117,,824,"Morrow, OH "
39119,,6681,"Muskingum, OH "
39121,,425,"Noble, OH "
39123,,1602,"Ottawa, OH "
39125,,500,"Paulding, OH "
39127,,1260,"Perry, OH "
39129,,1533,"Pickaway, OH "
39131,,597,"Pike, OH "
39133,,3790,"Portage, OH "
39135,,781,"Preble, OH "
39137,,752,"Putnam, OH "
39139,,3445,"Richland, OH "
39141,,1417,"Ross, OH "
39143,,1641,"Sandusky, OH "
39145,,1616,"Scioto, OH "
39147,,1870,"Seneca, OH "
39149,,910,"Shelby, OH "
39151,,10421,"Stark, OH "
39153,,12170,"Summit, OH "
39155,,4909,"Trumbull, OH "
39157,,2354,"Tuscarawas, OH "
39159,,1647,"Union, OH "
39161,,914,"Van Wert, OH "
39163,,210,"Vinton, OH "
39165,,4362,"Warren, OH "
39167,,1477,"Washington, OH "
39169,,2891,"Wayne, OH "
39171,,1163,"Williams, OH "
39173,,4396,"Wood, OH "
39175,,656,"Wyandot, OH "
40001,,148,"Adair, OK "
40005,,187,"Atoka, OK "
40009,,26,"Beckham, OK "
40011,,63,"Blaine, OK "
40013,,292,"Bryan, OK "
40015,,201,"Caddo, OK "
40017,,506,"Canadian, OK "
40019,,505,"Carter, OK "
40021,,224,"Cherokee, OK "
40023,,16,"Choctaw, OK "
40027,,860,"Cleveland, OK "
40029,,42,"Coal, OK "
40031,,159,"Comanche, OK "
40033,,82,"Cotton, OK "
40035,,64,"Craig, OK "
40037,,404,"Creek, OK "
40039,,205,"Custer, OK "
40041,,447,"Delaware, OK "
40047,,543,"Garfield, OK "
40049,,267,"Garvin, OK "
40051,,268,"Grady, OK "
40053,,49,"Grant, OK "
40061,,162,"Haskell, OK "
40063,,87,"Hughes, OK "
40065,,20,"Jackson, OK "
40067,,94,"Jefferson, OK "
40069,,86,"Johnston, OK "
40071,,218,"Kay, OK "
40073,,81,"Kingfisher, OK "
40075,,17,"Kiowa, OK "
40077,,140,"Latimer, OK "
40079,,555,"Le Flore, OK "
40081,,108,"Lincoln, OK "
40083,,127,"Logan, OK "
40085,,193,"Love, OK "
40087,,192,"McClain, OK "
40089,,26,"McCurtain, OK "
40091,,194,"McIntosh, OK "
40093,,116,"Major, OK "
40095,,289,"Marshall, OK "
40097,,176,"Mayes, OK "
40099,,68,"Murray, OK "
40101,,258,"Muskogee, OK "
40103,,71,"Noble, OK "
40105,,60,"Nowata, OK "
40107,,75,"Okfuskee, OK "
40109,,1298,"Oklahoma, OK "
40111,,211,"Okmulgee, OK "
40113,,293,"Osage, OK "
40115,,235,"Ottawa, OK "
40117,,104,"Pawnee, OK "
40119,,91,"Payne, OK "
40121,,502,"Pittsburg, OK "
40123,,204,"Pontotoc, OK "
40125,,212,"Pottawatomie, OK "
40127,,117,"Pushmataha, OK "
40131,,606,"Rogers, OK "
40133,,99,"Seminole, OK "
40135,,422,"Sequoyah, OK "
40137,,379,"Stephens, OK "
40139,,22,"Texas, OK "
40143,,3582,"Tulsa, OK "
40145,,466,"Wagoner, OK "
40147,,127,"Washington, OK "
40153,,14,"Woodward, OK "
41001,,19,"Baker, OR "
41003,,112,"Benton, OR "
41005,,1229,"Clackamas, OR "
41007,,57,"Clatsop, OR "
41009,,113,"Columbia, OR "
41011,,154,"Coos, OR "
41013,,33,"Crook, OR "
41015,,68,"Curry, OR "
41017,,370,"Deschutes, OR "
41019,,126,"Douglas, OR "
41025,,11,"Harney, OR "
41027,,14,"Hood River, OR "
41029,,3548,"Jackson, OR "
41031,,24,"Jefferson, OR "
41033,,1244,"Josephine, OR "
41035,,62,"Klamath, OR "
41039,,380,"Lane, OR "
41041,,112,"Lincoln, OR "
41043,,297,"Linn, OR "
41047,,2026,"Marion, OR "
41051,,1732,"Multnomah, OR "
41053,,523,"Polk, OR "
41057,,43,"Tillamook, OR "
41059,,39,"Umatilla, OR "
41061,,30,"Union, OR "
41063,,12,"Wallowa, OR "
41065,,22,"Wasco, OR "
41067,,1226,"Washington, OR "
41071,,610,"Yamhill, OR "
42001,,4925,"Adams, PA "
42003,,51815,"Allegheny, PA "
42005,,3451,"Armstrong, PA "
42007,,8837,"Beaver, PA "
42009,,1426,"Bedford, PA "
42011,,12144,"Berks, PA "
42013,,3828,"Blair, PA "
42015,,1346,"Bradford, PA "
42017,,15913,"Bucks, PA "
42019,,10328,"Butler, PA "
42021,,4873,"Cambria, PA "
42023,,233,"Cameron, PA "
42025,,2339,"Carbon, PA "
42027,,2819,"Centre, PA "
42029,,10437,"Chester, PA "
42031,,1182,"Clarion, PA "
42033,,2709,"Clearfield, PA "
42035,,1483,"Clinton, PA "
42037,,1516,"Columbia, PA "
42039,,5028,"Crawford, PA "
42041,,11357,"Cumberland, PA "
42043,,13807,"Dauphin, PA "
42045,,12819,"Delaware, PA "
42047,,819,"Elk, PA "
42049,,20018,"Erie, PA "
42051,,8000,"Fayette, PA "
42053,,368,"Forest, PA "
42055,,6349,"Franklin, PA "
42057,,520,"Fulton, PA "
42059,,1966,"Greene, PA "
42061,,2477,"Huntingdon, PA "
42063,,3046,"Indiana, PA "
42065,,1319,"Jefferson, PA "
42067,,848,"Juniata, PA "
42069,,5211,"Lackawanna, PA "
42071,,23311,"Lancaster, PA "
42073,,6778,"Lawrence, PA "
42075,,6732,"Lebanon, PA "
42077,,8103,"Lehigh, PA "
42079,,7285,"Luzerne, PA "
42081,,4182,"Lycoming, PA "
42083,,1179,"McKean, PA "
42085,,8656,"Mercer, PA "
42087,,1052,"Mifflin, PA "
42089,,5216,"Monroe, PA "
42091,,16383,"Montgomery, PA "
42093,,471,"Montour, PA "
42095,,7761,"Northampton, PA "
42097,,3238,"Northumberland, PA "
42099,,2389,"Perry, PA "
42101,,36648,"Philadelphia, PA "
42103,,2455,"Pike, PA "
42105,,612,"Potter, PA "
42107,,4705,"Schuylkill, PA "
42109,,1346,"Snyder, PA "
42111,,2555,"Somerset, PA "
42113,,233,"Sullivan, PA "
42115,,1041,"Susquehanna, PA "
42117,,1026,"Tioga, PA "
42119,,926,"Union, PA "
42121,,3432,"Venango, PA "
42123,,2152,"Warren, PA "
42125,,11600,"Washington, PA "
42127,,1755,"Wayne, PA "
42129,,22866,"Westmoreland, PA "
42131,,534,"Wyoming, PA "
42133,,23003,"York, PA "
44001,,282,"Bristol, RI "
44003,,992,"Kent, RI "
44005,,635,"Newport, RI "
44007,,3125,"Providence, RI "
44009,,1216,"Washington, RI "
45001,,308,"Abbeville, SC "
45003,,1923,"Aiken, SC "
45005,,31,"Allendale, SC "
45007,,6774,"Anderson, SC "
45009,,94,"Bamberg, SC "
45011,,120,"Barnwell, SC "
45013,,3643,"Beaufort, SC "
45015,,2828,"Berkeley, SC "
45017,,179,"Calhoun, SC "
45019,,4548,"Charleston, SC "
45021,,1074,"Cherokee, SC "
45023,,412,"Chester, SC "
45025,,482,"Chesterfield, SC "
45027,,398,"Clarendon, SC "
45029,,525,"Colleton, SC "
45031,,634,"Darlington, SC "
45033,,347,"Dillon, SC "
45035,,1945,"Dorchester, SC "
45037,,340,"Edgefield, SC "
45039,,394,"Fairfield, SC "
45041,,1125,"Florence, SC "
45043,,1080,"Georgetown, SC "
45045,,16607,"Greenville, SC "
45047,,656,"Greenwood, SC "
45049,,150,"Hampton, SC "
45051,,8082,"Horry, SC "
45053,,651,"Jasper, SC "
45055,,824,"Kershaw, SC "
45057,,1796,"Lancaster, SC "
45059,,2079,"Laurens, SC "
45061,,206,"Lee, SC "
45063,,4477,"Lexington, SC "
45065,,221,"McCormick, SC "
45067,,346,"Marion, SC "
45069,,265,"Marlboro, SC "
45071,,471,"Newberry, SC "
45073,,3928,"Oconee, SC "
45075,,723,"Orangeburg, SC "
45077,,4276,"Pickens, SC "
45079,,4197,"Richland, SC "
45081,,158,"Saluda, SC "
45083,,6457,"Spartanburg, SC "
45085,,1600,"Sumter, SC "
45087,,242,"Union, SC "
45089,,235,"Williamsburg, SC "
45091,,6922,"York, SC "
46011,,11,"Brookings, SD "
46013,,14,"Brown, SD "
46029,,19,"Codington, SD "
46033,,26,"Custer, SD "
46035,,12,"Davison, SD "
46047,,12,"Fall River, SD "
46079,,13,"Lake, SD "
46081,,30,"Lawrence, SD "
46083,,42,"Lincoln, SD "
46093,,22,"Meade, SD "
46099,,197,"Minnehaha, SD "
46103,,233,"Pennington, SD "
46127,,13,"Union, SD "
46135,,15,"Yankton, SD "
47001,,97,"Anderson, TN "
47003,,270,"Bedford, TN "
47005,,56,"Benton, TN "
47007,,57,"Bledsoe, TN "
47009,,271,"Blount, TN "
47011,,275,"Bradley, TN "
47013,,51,"Campbell, TN "
47015,,93,"Cannon, TN "
47017,,52,"Carroll, TN "
47019,,66,"Carter, TN "
47021,,324,"Cheatham, TN "
47023,,11,"Chester, TN "
47025,,45,"Claiborne, TN "
47027,,13,"Clay, TN "
47029,,63,"Cocke, TN "
47031,,262,"Coffee, TN "
47035,,631,"Cumberland, TN "
47037,,2881,"Davidson, TN "
47039,,19,"Decatur, TN "
47041,,66,"DeKalb, TN "
47043,,229,"Dickson, TN "
47045,,22,"Dyer, TN "
47047,,155,"Fayette, TN "
47049,,102,"Fentress, TN "
47051,,262,"Franklin, TN "
47053,,70,"Gibson, TN "
47055,,172,"Giles, TN "
47057,,36,"Grainger, TN "
47059,,122,"Greene, TN "
47061,,57,"Grundy, TN "
47063,,56,"Hamblen, TN "
47065,,1069,"Hamilton, TN "
47069,,68,"Hardeman, TN "
47071,,84,"Hardin, TN "
47073,,119,"Hawkins, TN "
47075,,39,"Haywood, TN "
47077,,20,"Henderson, TN "
47079,,111,"Henry, TN "
47081,,173,"Hickman, TN "
47083,,12,"Houston, TN "
47085,,74,"Humphreys, TN "
47087,,62,"Jackson, TN "
47089,,107,"Jefferson, TN "
47091,,37,"Johnson, TN "
47093,,501,"Knox, TN "
47097,,12,"Lauderdale, TN "
47099,,210,"Lawrence, TN "
47101,,61,"Lewis, TN "
47103,,146,"Lincoln, TN "
47105,,371,"Loudon, TN "
47107,,62,"McMinn, TN "
47109,,65,"McNairy, TN "
47111,,50,"Macon, TN "
47113,,77,"Madison, TN "
47115,,125,"Marion, TN "
47117,,262,"Marshall, TN "
47119,,731,"Maury, TN "
47121,,49,"Meigs, TN "
47123,,109,"Monroe, TN "
47125,,522,"Montgomery, TN "
47127,,12,"Moore, TN "
47129,,22,"Morgan, TN "
47131,,49,"Obion, TN "
47133,,123,"Overton, TN "
47135,,13,"Perry, TN "
47137,,26,"Pickett, TN "
47139,,122,"Polk, TN "
47141,,348,"Putnam, TN "
47143,,121,"Rhea, TN "
47145,,75,"Roane, TN "
47147,,514,"Robertson, TN "
47149,,2095,"Rutherford, TN "
47151,,17,"Scott, TN "
47153,,63,"Sequatchie, TN "
47155,,212,"Sevier, TN "
47157,,2197,"Shelby, TN "
47159,,75,"Smith, TN "
47161,,36,"Stewart, TN "
47163,,247,"Sullivan, TN "
47165,,734,"Sumner, TN "
47167,,239,"Tipton, TN "
47169,,18,"Trousdale, TN "
47171,,23,"Unicoi, TN "
47173,,38,"Union, TN "
47177,,181,"Warren, TN "
47179,,227,"Washington, TN "
47181,,63,"Wayne, TN "
47183,,63,"Weakley, TN "
47185,,116,"White, TN "
47187,,1856,"Williamson, TN "
47189,,750,"Wilson, TN "
48001,,282,"Anderson, TX "
48003,,79,"Andrews, TX "
48005,,161,"Angelina, TX "
48007,,364,"Aransas, TX "
48013,,255,"Atascosa, TX "
48015,,354,"Austin, TX "
48019,,245,"Bandera, TX "
48021,,755,"Bastrop, TX "
48023,,22,"Baylor, TX "
48025,,83,"Bee, TX "
48027,,1131,"Bell, TX "
48029,,10562,"Bexar, TX "
48031,,198,"Blanco, TX "
48035,,247,"Bosque, TX "
48037,,671,"Bowie, TX "
48039,,5633,"Brazoria, TX "
48041,,878,"Brazos, TX "
48043,,25,"Brewster, TX "
48047,,140,"Brooks, TX "
48049,,158,"Brown, TX "
48051,,166,"Burleson, TX "
48053,,527,"Burnet, TX "
48055,,376,"Caldwell, TX "
48057,,211,"Calhoun, TX "
48059,,56,"Callahan, TX "
48061,,2415,"Cameron, TX "
48063,,65,"Camp, TX "
48067,,334,"Cass, TX "
48071,,995,"Chambers, TX "
48073,,414,"Cherokee, TX "
48075,,23,"Childress, TX "
48081,,37,"Coke, TX "
48083,,26,"Coleman, TX "
48085,,4614,"Collin, TX "
48089,,265,"Colorado, TX "
48091,,1547,"Comal, TX "
48093,,168,"Comanche, TX "
48095,,23,"Concho, TX "
48097,,261,"Cooke, TX "
48099,,242,"Coryell, TX "
48103,,28,"Crane, TX "
48113,,10308,"Dallas, TX "
48119,,12,"Delta, TX "
48121,,4706,"Denton, TX "
48123,,170,"DeWitt, TX "
48127,,144,"Dimmit, TX "
48131,,235,"Duval, TX "
48133,,54,"Eastland, TX "
48135,,1546,"Ector, TX "
48137,,15,"Edwards, TX "
48139,,859,"Ellis, TX "
48141,,4135,"El Paso, TX "
48143,,165,"Erath, TX "
48145,,87,"Falls, TX "
48147,,208,"Fannin, TX "
48149,,294,"Fayette, TX "
48157,,5786,"Fort Bend, TX "
48159,,31,"Franklin, TX "
48161,,54,"Freestone, TX "
48163,,17,"Frio, TX "
48165,,41,"Gaines, TX "
48167,,3908,"Galveston, TX "
48171,,481,"Gillespie, TX "
48175,,56,"Goliad, TX "
48177,,270,"Gonzales, TX "
48179,,23,"Gray, TX "
48181,,934,"Grayson, TX "
48183,,1227,"Gregg, TX "
48185,,309,"Grimes, TX "
48187,,1033,"Guadalupe, TX "
48189,,186,"Hale, TX "
48193,,81,"Hamilton, TX "
48199,,869,"Hardin, TX "
48201,,33985,"Harris, TX "
48203,,632,"Harrison, TX "
48207,,20,"Haskell, TX "
48209,,1398,"Hays, TX "
48211,,15,"Hemphill, TX "
48213,,739,"Henderson, TX "
48215,,3841,"Hidalgo, TX "
48217,,305,"Hill, TX "
48219,,166,"Hockley, TX "
48221,,571,"Hood, TX "
48223,,58,"Hopkins, TX "
48225,,225,"Houston, TX "
48227,,14,"Howard, TX "
48231,,567,"Hunt, TX "
48233,,11,"Hutchinson, TX "
48237,,14,"Jack, TX "
48239,,255,"Jackson, TX "
48241,,331,"Jasper, TX "
48243,,14,"Jeff Davis, TX "
48245,,2665,"Jefferson, TX "
48247,,73,"Jim Hogg, TX "
48249,,261,"Jim Wells, TX "
48251,,821,"Johnson, TX "
48253,,59,"Jones, TX "
48255,,80,"Karnes, TX "
48257,,538,"Kaufman, TX "
48259,,349,"Kendall, TX "
48265,,840,"Kerr, TX "
48267,,27,"Kimble, TX "
48273,,163,"Kleberg, TX "
48277,,367,"Lamar, TX "
48281,,110,"Lampasas, TX "
48283,,134,"La Salle, TX "
48285,,230,"Lavaca, TX "
48287,,219,"Lee, TX "
48289,,187,"Leon, TX "
48291,,1133,"Liberty, TX "
48293,,375,"Limestone, TX "
48297,,127,"Live Oak, TX "
48299,,300,"Llano, TX "
48303,,3443,"Lubbock, TX "
48307,,25,"McCulloch, TX "
48309,,1209,"McLennan, TX "
48313,,125,"Madison, TX "
48315,,244,"Marion, TX "
48319,,39,"Mason, TX "
48321,,628,"Matagorda, TX "
48323,,169,"Maverick, TX "
48325,,309,"Medina, TX "
48329,,1194,"Midland, TX "
48331,,120,"Milam, TX "
48333,,26,"Mills, TX "
48335,,15,"Mitchell, TX "
48337,,232,"Montague, TX "
48339,,6804,"Montgomery, TX "
48341,,14,"Moore, TX "
48343,,290,"Morris, TX "
48347,,250,"Nacogdoches, TX "
48349,,317,"Navarro, TX "
48351,,64,"Newton, TX "
48353,,15,"Nolan, TX "
48355,,1567,"Nueces, TX "
48357,,23,"Ochiltree, TX "
48361,,802,"Orange, TX "
48363,,54,"Palo Pinto, TX "
48365,,181,"Panola, TX "
48367,,1140,"Parker, TX "
48371,,13,"Pecos, TX "
48373,,763,"Polk, TX "
48375,,1132,"Potter, TX "
48379,,142,"Rains, TX "
48381,,901,"Randall, TX "
48385,,41,"Real, TX "
48387,,122,"Red River, TX "
48391,,33,"Refugio, TX "
48395,,151,"Robertson, TX "
48397,,456,"Rockwall, TX "
48399,,39,"Runnels, TX "
48401,,393,"Rusk, TX "
48403,,86,"Sabine, TX "
48405,,98,"San Augustine, TX "
48407,,437,"San Jacinto, TX "
48409,,362,"San Patricio, TX "
48411,,20,"San Saba, TX "
48413,,11,"Schleicher, TX "
48415,,51,"Scurry, TX "
48417,,18,"Shackelford, TX "
48419,,34,"Shelby, TX "
48423,,1428,"Smith, TX "
48425,,136,"Somervell, TX "
48427,,812,"Starr, TX "
48429,,21,"Stephens, TX "
48439,,10599,"Tarrant, TX "
48441,,1518,"Taylor, TX "
48445,,51,"Terry, TX "
48449,,212,"Titus, TX "
48451,,1828,"Tom Green, TX "
48453,,4208,"Travis, TX "
48455,,96,"Trinity, TX "
48457,,212,"Tyler, TX "
48459,,434,"Upshur, TX "
48461,,20,"Upton, TX "
48463,,75,"Uvalde, TX "
48465,,71,"Val Verde, TX "
48467,,405,"Van Zandt, TX "
48469,,1019,"Victoria, TX "
48471,,389,"Walker, TX "
48473,,485,"Waller, TX "
48475,,17,"Ward, TX "
48477,,320,"Washington, TX "
48479,,1750,"Webb, TX "
48481,,653,"Wharton, TX "
48485,,129,"Wichita, TX "
48487,,46,"Wilbarger, TX "
48489,,265,"Willacy, TX "
48491,,2806,"Williamson, TX "
48493,,286,"Wilson, TX "
48497,,334,"Wise, TX "
48499,,564,"Wood, TX "
48501,,55,"Yoakum, TX "
48503,,24,"Young, TX "
49003,,394,"Box Elder, UT "
49005,,781,"Cache, UT "
49007,,389,"Carbon, UT "
49009,,73,"Daggett, UT "
49011,,2036,"Davis, UT "
49013,,284,"Duchesne, UT "
49017,,11,"Garfield, UT "
49019,,15,"Grand, UT "
49021,,412,"Iron, UT "
49023,,122,"Juab, UT "
49025,,28,"Kane, UT "
49027,,14,"Millard, UT "
49029,,38,"Morgan, UT "
49033,,44,"Rich, UT "
49035,,6365,"Salt Lake, UT "
49037,,17,"San Juan, UT "
49039,,33,"Sanpete, UT "
49041,,23,"Sevier, UT "
49043,,208,"Summit, UT "
49045,,455,"Tooele, UT "
49047,,1107,"Uintah, UT "
49049,,2416,"Utah, UT "
49051,,178,"Wasatch, UT "
49053,,2381,"Washington, UT "
49057,,1669,"Weber, UT "
50001,,83,"Addison, VT "
50003,,128,"Bennington, VT "
50005,,59,"Caledonia, VT "
50007,,241,"Chittenden, VT "
50009,,13,"Essex, VT "
50011,,50,"Franklin, VT "
50013,,22,"Grand Isle, VT "
50015,,34,"Lamoille, VT "
50017,,62,"Orange, VT "
50019,,51,"Orleans, VT "
50021,,151,"Rutland, VT "
50023,,219,"Washington, VT "
50025,,127,"Windham, VT "
50027,,183,"Windsor, VT "
51001,,504,"Accomack, VA "
51003,,806,"Albemarle, VA "
51005,,181,"Alleghany, VA "
51007,,106,"Amelia, VA "
51009,,58,"Amherst, VA "
51011,,64,"Appomattox, VA "
51013,,1016,"Arlington, VA "
51015,,580,"Augusta, VA "
51017,,43,"Bath, VA "
51019,,300,"Bedford, VA "
51021,,87,"Bland, VA "
51023,,458,"Botetourt, VA "
51025,,119,"Brunswick, VA "
51027,,627,"Buchanan, VA "
51029,,68,"Buckingham, VA "
51031,,106,"Campbell, VA "
51033,,228,"Caroline, VA "
51035,,560,"Carroll, VA "
51036,,39,"Charles City, VA "
51037,,58,"Charlotte, VA "
51041,,1610,"Chesterfield, VA "
51043,,147,"Clarke, VA "
51045,,76,"Craig, VA "
51047,,221,"Culpeper, VA "
51049,,77,"Cumberland, VA "
51051,,332,"Dickenson, VA "
51053,,111,"Dinwiddie, VA "
51057,,189,"Essex, VA "
51059,,11900,"Fairfax, VA "
51061,,640,"Fauquier, VA "
51063,,257,"Floyd, VA "
51065,,256,"Fluvanna, VA "
51067,,918,"Franklin, VA "
51069,,977,"Frederick, VA "
51071,,351,"Giles, VA "
51073,,387,"Gloucester, VA "
51075,,153,"Goochland, VA "
51077,,71,"Grayson, VA "
51079,,147,"Greene, VA "
51081,,49,"Greensville, VA "
51083,,63,"Halifax, VA "
51085,,546,"Hanover, VA "
51087,,1229,"Henrico, VA "
51089,,2751,"Henry, VA "
51091,,35,"Highland, VA "
51093,,186,"Isle of Wight, VA "
51095,,829,"James City, VA "
51097,,76,"King and Queen, VA "
51099,,53,"King George, VA "
51101,,121,"King William, VA "
51103,,222,"Lancaster, VA "
51105,,22,"Lee, VA "
51107,,2839,"Loudoun, VA "
51109,,322,"Louisa, VA "
51111,,199,"Lunenburg, VA "
51113,,134,"Madison, VA "
51115,,101,"Mathews, VA "
51117,,685,"Mecklenburg, VA "
51119,,124,"Middlesex, VA "
51121,,447,"Montgomery, VA "
51125,,176,"Nelson, VA "
51127,,179,"New Kent, VA "
51131,,103,"Northampton, VA "
51133,,189,"Northumberland, VA "
51135,,123,"Nottoway, VA "
51137,,194,"Orange, VA "
51139,,218,"Page, VA "
51141,,811,"Patrick, VA "
51143,,908,"Pittsylvania, VA "
51145,,186,"Powhatan, VA "
51147,,43,"Prince Edward, VA "
51149,,133,"Prince George, VA "
51153,,3088,"Prince William, VA "
51155,,461,"Pulaski, VA "
51157,,73,"Rappahannock, VA "
51159,,79,"Richmond, VA "
51161,,1354,"Roanoke, VA "
51163,,205,"Rockbridge, VA "
51165,,234,"Rockingham, VA "
51167,,759,"Russell, VA "
51169,,67,"Scott, VA "
51171,,144,"Shenandoah, VA "
51173,,52,"Smyth, VA "
51175,,68,"Southampton, VA "
51177,,1390,"Spotsylvania, VA "
51179,,697,"Stafford, VA "
51181,,25,"Surry, VA "
51183,,63,"Sussex, VA "
51185,,728,"Tazewell, VA "
51187,,704,"Warren, VA "
51191,,344,"Washington, VA "
51193,,236,"Westmoreland, VA "
51195,,151,"Wise, VA "
51197,,204,"Wythe, VA "
51199,,317,"York, VA "
51510,,896,"Alexandria City, VA "
51520,,35,"Bristol City, VA "
51530,,22,"Buena Vista City, VA "
51540,,252,"Charlottesville City, VA "
51550,,690,"Chesapeake City, VA "
51570,,67,"Colonial Heights City, VA "
51580,,74,"Covington City, VA "
51590,,827,"Danville City, VA "
51595,,13,"Emporia City, VA "
51600,,391,"Fairfax City, VA "
51610,,113,"Falls Church City, VA "
51620,,37,"Franklin City, VA "
51630,,162,"Fredericksburg City, VA "
51640,,69,"Galax City, VA "
51650,,893,"Hampton City, VA "
51660,,43,"Harrisonburg City, VA "
51670,,82,"Hopewell City, VA "
51678,,47,"Lexington City, VA "
51680,,109,"Lynchburg City, VA "
51683,,299,"Manassas City, VA "
51685,,123,"Manassas Park City, VA "
51690,,656,"Martinsville City, VA "
51700,,761,"Newport News City, VA "
51710,,521,"Norfolk City, VA "
51730,,129,"Petersburg City, VA "
51735,,45,"Poquoson City, VA "
51740,,295,"Portsmouth City, VA "
51750,,66,"Radford City, VA "
51760,,535,"Richmond City, VA "
51770,,1137,"Roanoke City, VA "
51775,,302,"Salem City, VA "
51790,,171,"Staunton City, VA "
51800,,305,"Suffolk City, VA "
51810,,1375,"Virginia Beach City, VA "
51820,,155,"Waynesboro City, VA "
51830,,66,"Williamsburg City, VA "
51840,,191,"Winchester City, VA "
53003,,32,"Asotin, WA "
53005,,2745,"Benton, WA "
53007,,196,"Chelan, WA "
53009,,382,"Clallam, WA "
53011,,1182,"Clark, WA "
53015,,365,"Cowlitz, WA "
53017,,116,"Douglas, WA "
53019,,26,"Ferry, WA "
53021,,514,"Franklin, WA "
53025,,110,"Grant, WA "
53027,,169,"Grays Harbor, WA "
53029,,479,"Island, WA "
53031,,261,"Jefferson, WA "
53033,,33003,"King, WA "
53035,,3526,"Kitsap, WA "
53037,,120,"Kittitas, WA "
53039,,44,"Klickitat, WA "
53041,,1255,"Lewis, WA "
53043,,17,"Lincoln, WA "
53045,,877,"Mason, WA "
53047,,79,"Okanogan, WA "
53049,,61,"Pacific, WA "
53051,,30,"Pend Oreille, WA "
53053,,14170,"Pierce, WA "
53055,,91,"San Juan, WA "
53057,,739,"Skagit, WA "
53059,,24,"Skamania, WA "
53061,,8545,"Snohomish, WA "
53063,,4030,"Spokane, WA "
53065,,599,"Stevens, WA "
53067,,3014,"Thurston, WA "
53071,,611,"Walla Walla, WA "
53073,,699,"Whatcom, WA "
53075,,29,"Whitman, WA "
53077,,1644,"Yakima, WA "
54001,,40,"Barbour, WV "
54003,,348,"Berkeley, WV "
54005,,57,"Boone, WV "
54007,,21,"Braxton, WV "
54009,,100,"Brooke, WV "
54011,,320,"Cabell, WV "
54013,,22,"Calhoun, WV "
54015,,22,"Clay, WV "
54017,,15,"Doddridge, WV "
54019,,133,"Fayette, WV "
54021,,18,"Gilmer, WV "
54023,,36,"Grant, WV "
54025,,100,"Greenbrier, WV "
54027,,77,"Hampshire, WV "
54029,,80,"Hancock, WV "
54031,,27,"Hardy, WV "
54033,,103,"Harrison, WV "
54035,,164,"Jackson, WV "
54037,,162,"Jefferson, WV "
54039,,1896,"Kanawha, WV "
54041,,14,"Lewis, WV "
54043,,94,"Lincoln, WV "
54045,,137,"Logan, WV "
54047,,233,"McDowell, WV "
54049,,99,"Marion, WV "
54051,,297,"Marshall, WV "
54053,,499,"Mason, WV "
54055,,468,"Mercer, WV "
54057,,43,"Mineral, WV "
54059,,65,"Mingo, WV "
54061,,101,"Monongalia, WV "
54063,,67,"Monroe, WV "
54065,,115,"Morgan, WV "
54067,,118,"Nicholas, WV "
54069,,247,"Ohio, WV "
54073,,32,"Pleasants, WV "
54075,,27,"Pocahontas, WV "
54077,,40,"Preston, WV "
54079,,793,"Putnam, WV "
54081,,291,"Raleigh, WV "
54083,,29,"Randolph, WV "
54085,,14,"Ritchie, WV "
54087,,36,"Roane, WV "
54089,,24,"Summers, WV "
54091,,22,"Taylor, WV "
54093,,24,"Tucker, WV "
54095,,34,"Tyler, WV "
54097,,48,"Upshur, WV "
54099,,149,"Wayne, WV "
54101,,15,"Webster, WV "
54103,,59,"Wetzel, WV "
54107,,188,"Wood, WV "
54109,,351,"Wyoming, WV "
55001,,52,"Adams, WI "
55003,,13,"Ashland, WI "
55005,,69,"Barron, WI "
55007,,36,"Bayfield, WI "
55009,,521,"Brown, WI "
55013,,16,"Burnett, WI "
55015,,41,"Calumet, WI "
55017,,42,"Chippewa, WI "
55019,,14,"Clark, WI "
55021,,173,"Columbia, WI "
55025,,858,"Dane, WI "
55027,,68,"Dodge, WI "
55029,,189,"Door, WI "
55031,,44,"Douglas, WI "
55033,,38,"Dunn, WI "
55035,,67,"Eau Claire, WI "
55037,,21,"Florence, WI "
55039,,62,"Fond du Lac, WI "
55041,,47,"Forest, WI "
55043,,35,"Grant, WI "
55045,,266,"Green, WI "
55047,,63,"Green Lake, WI "
55049,,42,"Iowa, WI "
55051,,12,"Iron, WI "
55053,,25,"Jackson, WI "
55055,,71,"Jefferson, WI "
55057,,38,"Juneau, WI "
55059,,2437,"Kenosha, WI "
55061,,52,"Kewaunee, WI "
55063,,143,"La Crosse, WI "
55065,,63,"Lafayette, WI "
55067,,83,"Langlade, WI "
55069,,60,"Lincoln, WI "
55071,,314,"Manitowoc, WI "
55073,,197,"Marathon, WI "
55075,,167,"Marinette, WI "
55077,,73,"Marquette, WI "
55079,,5742,"Milwaukee, WI "
55081,,84,"Monroe, WI "
55083,,101,"Oconto, WI "
55085,,133,"Oneida, WI "
55087,,281,"Outagamie, WI "
55089,,1088,"Ozaukee, WI "
55093,,28,"Pierce, WI "
55095,,24,"Polk, WI "
55097,,87,"Portage, WI "
55099,,42,"Price, WI "
55101,,1753,"Racine, WI "
55103,,18,"Richland, WI "
55105,,1152,"Rock, WI "
55107,,16,"Rusk, WI "
55109,,55,"St. Croix, WI "
55111,,85,"Sauk, WI "
55113,,55,"Sawyer, WI "
55115,,100,"Shawano, WI "
55117,,756,"Sheboygan, WI "
55121,,13,"Trempealeau, WI "
55123,,43,"Vernon, WI "
55125,,127,"Vilas, WI "
55127,,2111,"Walworth, WI "
55129,,35,"Washburn, WI "
55131,,1150,"Washington, WI "
55133,,3283,"Waukesha, WI "
55135,,48,"Waupaca, WI "
55137,,60,"Waushara, WI "
55139,,401,"Winnebago, WI "
55141,,48,"Wood, WI "
56001,,35,"Albany, WY "
56003,,13,"Big Horn, WY "
56005,,27,"Campbell, WY "
56007,,28,"Carbon, WY "
56011,,12,"Crook, WY "
56013,,105,"Fremont, WY "
56017,,18,"Hot Springs, WY "
56019,,24,"Johnson, WY "
56021,,96,"Laramie, WY "
56023,,49,"Lincoln, WY "
56025,,82,"Natrona, WY "
56029,,105,"Park, WY "
56031,,12,"Platte, WY "
56033,,42,"Sheridan, WY "
56035,,33,"Sublette, WY "
56037,,329,"Sweetwater, WY "
56039,,51,"Teton, WY "
56041,,353,"Uinta, WY "
66010,,11,"Agana, GU "
72023,,19,"Cabo Rojo, PR "
72031,,13,"Carolina, PR "
72127,,11,"San Juan, PR "
78010,,27,"St. Croix, VI "
